,Accuracy,F1,ROC_AUC
Dummy,0.95088,0.0,0.5
LogisticRegression,0.7792,0.2572658772874058,0.8418608704517014
DecisionTree,0.87712,0.36633663366336633,0.831762766915447
RandomForest,0.97088,0.5787037037037037,0.9113354829621907
HistGradientBoosting,0.95408,0.6188579017264276,0.8965497963552773
