{
    "ds01": {
        "KMeans_Best": {
            "silhouette": 0.5216395622404242,
            "davies_bouldin": 0.6853295219054457,
            "calinski_harabasz": 11786.954622671532,
            "n_clusters": 2,
            "noise_ratio": 0.0,
            "k": 2
        },
        "Agglomerative_Example": {
            "silhouette": 0.5216395622404242,
            "davies_bouldin": 0.6853295219054457,
            "calinski_harabasz": 11786.954622671532,
            "n_clusters": 2,
            "noise_ratio": 0.0,
            "k": 2
        }
    },
    "ds02": {
        "KMeans_k2": {
            "silhouette": 0.3068610017701601
        },
        "DBSCAN_Best": {
            "silhouette": 0.27898927757210407,
            "davies_bouldin": 0.679497397013536,
            "calinski_harabasz": 20.99324744065077,
            "n_clusters": 3,
            "noise_ratio": 0.015375,
            "eps": 0.64
        }
    },
    "ds03": {
        "KMeans_Best_Sil": 0.3155447003782518,
        "DBSCAN_Best_Sil": 0.10112221220804056
    }
}