experiment_id,dataset,seed,model_summary,optimizer,lr,momentum,weight_decay,epochs_trained,best_val_accuracy,best_val_loss
E1,EMNIST,42,"Hidden:[256, 128]|BN:False|Drop:0.0",Adam,0.001,0.0,0.0,10,0.844636524822695,0.48686872864445896
E2,EMNIST,42,"Hidden:[256, 128]|BN:False|Drop:0.3",Adam,0.001,0.0,0.0,10,0.8374113475177305,0.48512658142874426
E3,EMNIST,42,"Hidden:[256, 128]|BN:True|Drop:0.0",Adam,0.001,0.0,0.0,10,0.8484485815602837,0.4568051871678508
E4,EMNIST,42,"Hidden:[256, 128]|BN:True|Drop:0.0",Adam,0.001,0.0,0.0,11,0.849822695035461,0.45999015518959535
O1,EMNIST,42,"Hidden:[256, 128]|BN:True|Drop:0.0",Adam,0.1,0.0,0.0,5,0.7853280141843971,0.671911174101187
O2,EMNIST,42,"Hidden:[256, 128]|BN:True|Drop:0.0",Adam,1e-05,0.0,0.0,5,0.6151595744680851,2.05328902318968
O3,EMNIST,42,"Hidden:[256, 128]|BN:True|Drop:0.0",SGD,0.01,0.9,0.0001,12,0.8492464539007092,0.4660188890095298
